{"cameraMode":{"drawMode":0,"name":"Shaded","section":"Shading Mode"},"sceneLighting":false,"audioPlay":false,"sceneViewState":{"showFog":false,"showMaterialUpdate":false,"showSkybox":false,"showFlares":false,"showImageEffects":false,"showParticleSystems":false},"in2DMode":false,"pivot":{"x":76.60560607910156,"y":88.0491943359375,"z":71.13394165039063},"rotation":{"x":0.11307916045188904,"y":0.034551847726106647,"z":0.003933493979275227,"w":-0.9929773211479187},"size":218.2951202392578,"orthographic":false}