{"cameraMode":{"drawMode":0,"name":"Shaded","section":"Shading Mode"},"sceneLighting":false,"audioPlay":false,"sceneViewState":{"showFog":false,"showMaterialUpdate":false,"showSkybox":false,"showFlares":false,"showImageEffects":false,"showParticleSystems":false},"in2DMode":false,"pivot":{"x":91.47196197509766,"y":106.46188354492188,"z":3.3808517456054689},"rotation":{"x":0.04135991632938385,"y":-0.029688198119401933,"z":-0.0012306151911616326,"w":-0.9987024664878845},"size":419.6152648925781,"orthographic":false}