{"cameraMode":{"drawMode":0,"name":"Shaded","section":"Shading Mode"},"sceneLighting":false,"audioPlay":false,"sceneViewState":{"m_AlwaysRefresh":false,"showFog":true,"showSkybox":false,"showFlares":true,"showImageEffects":true,"showParticleSystems":true,"showVisualEffectGraphs":true,"m_FxEnabled":true},"in2DMode":false,"pivot":{"x":0.6521284580230713,"y":0.2485729455947876,"z":-1.176908254623413},"rotation":{"x":-0.012429076246917248,"y":0.9733443856239319,"z":-0.05437850207090378,"w":-0.22246654331684113},"size":2.7004923820495607,"orthographic":false}