{"cameraMode":{"drawMode":0,"name":"Shaded","section":"Shading Mode"},"sceneLighting":true,"audioPlay":false,"sceneViewState":{"m_AlwaysRefresh":false,"showFog":true,"showSkybox":true,"showFlares":true,"showImageEffects":true,"showParticleSystems":true,"showVisualEffectGraphs":true,"m_FxEnabled":true},"in2DMode":false,"pivot":{"x":26.417261123657228,"y":12.76260757446289,"z":14.628170013427735},"rotation":{"x":0.41667425632476809,"y":0.020451096817851068,"z":-0.009378248825669289,"w":0.9087802171707153},"size":12.12435531616211,"orthographic":false}