{"cameraMode":{"drawMode":0,"name":"Shaded","section":"Shading Mode"},"sceneLighting":false,"audioPlay":false,"sceneViewState":{"showFog":false,"showMaterialUpdate":false,"showSkybox":false,"showFlares":false,"showImageEffects":false,"showParticleSystems":false},"in2DMode":false,"pivot":{"x":289.7379150390625,"y":223.41677856445313,"z":2.9507477283477785},"rotation":{"x":-0.02040354162454605,"y":-0.02138887345790863,"z":0.0005268456297926605,"w":-0.9995629191398621},"size":350.61083984375,"orthographic":false}