{"cameraMode":{"drawMode":0,"name":"Shaded","section":"Shading Mode"},"sceneLighting":false,"audioPlay":false,"sceneViewState":{"showFog":false,"showMaterialUpdate":false,"showSkybox":false,"showFlares":false,"showImageEffects":false,"showParticleSystems":false},"in2DMode":false,"pivot":{"x":0.0,"y":0.23755697906017304,"z":0.46299999952316286},"rotation":{"x":0.061215437948703769,"y":-0.2331610769033432,"z":0.014716455712914467,"w":0.9703978896141052},"size":2.160146951675415,"orthographic":false}