{"cameraMode":{"drawMode":0,"name":"Shaded","section":"Shading Mode"},"sceneLighting":false,"audioPlay":false,"sceneViewState":{"showFog":false,"showMaterialUpdate":false,"showSkybox":false,"showFlares":false,"showImageEffects":false,"showParticleSystems":false},"in2DMode":false,"pivot":{"x":18.56995391845703,"y":7.226828575134277,"z":-7.430639266967773},"rotation":{"x":-0.2167651504278183,"y":-0.4360760450363159,"z":0.10907882452011109,"w":-0.8665750622749329},"size":4.041658401489258,"orthographic":false}