{"cameraMode":{"drawMode":0,"name":"Shaded","section":"Shading Mode"},"sceneLighting":false,"audioPlay":false,"sceneViewState":{"showFog":false,"showMaterialUpdate":false,"showSkybox":false,"showFlares":false,"showImageEffects":false,"showParticleSystems":false},"in2DMode":false,"pivot":{"x":0.0,"y":3.7799997329711916,"z":47.99998474121094},"rotation":{"x":0.4243956208229065,"y":-0.07937724888324738,"z":0.037372492253780368,"w":0.9012163877487183},"size":172.38211059570313,"orthographic":false}