{"cameraMode":{"drawMode":0,"name":"Shaded","section":"Shading Mode"},"sceneLighting":false,"audioPlay":false,"sceneViewState":{"m_AlwaysRefresh":false,"showFog":true,"showSkybox":false,"showFlares":true,"showImageEffects":true,"showParticleSystems":true,"showVisualEffectGraphs":true,"m_FxEnabled":true},"in2DMode":false,"pivot":{"x":-0.1813807487487793,"y":-0.04119029641151428,"z":-0.049445390701293948},"rotation":{"x":0.0012772588524967433,"y":0.922491729259491,"z":-0.0030533401295542719,"w":0.3860073685646057},"size":1.9261195659637452,"orthographic":false}